firstname;lastname;username;primaryGroup;phone;password
Random;User;Name1;cn=users,dc=daniel-applying-as-presales-engineer,dc=intranet;040/1234567;univention
Random;User;Name2;cn=users,dc=daniel-applying-as-presales-engineer,dc=intranet;040/1234567;univention
Random;User;Name3;cn=users,dc=daniel-applying-as-presales-engineer,dc=intranet;040/1234567;univention
Random;User;Name4;cn=users,dc=daniel-applying-as-presales-engineer,dc=intranet;040/1234567;univention
Random;User;Name5;cn=users,dc=daniel-applying-as-presales-engineer,dc=intranet;040/1234567;univention
Random;User;Name6;cn=users,dc=daniel-applying-as-presales-engineer,dc=intranet;040/1234567;univention
Random;User;Name7;cn=users,dc=daniel-applying-as-presales-engineer,dc=intranet;040/1234567;univention
Random;User;Name8;cn=users,dc=daniel-applying-as-presales-engineer,dc=intranet;040/1234567;univention
Random;User;Name9;cn=users,dc=daniel-applying-as-presales-engineer,dc=intranet;040/1234567;univention
Random;User;Name10;cn=users,dc=daniel-applying-as-presales-engineer,dc=intranet;040/1234567;univention
Random;User;Name11;cn=users,dc=daniel-applying-as-presales-engineer,dc=intranet;040/1234567;univention
Random;User;Name12;cn=users,dc=daniel-applying-as-presales-engineer,dc=intranet;040/1234567;univention
Random;User;Name13;cn=users,dc=daniel-applying-as-presales-engineer,dc=intranet;040/1234567;univention
Random;User;Name14;cn=users,dc=daniel-applying-as-presales-engineer,dc=intranet;040/1234567;univention
Random;User;Name15;cn=users,dc=daniel-applying-as-presales-engineer,dc=intranet;040/1234567;univention
Random;User;Name16;cn=users,dc=daniel-applying-as-presales-engineer,dc=intranet;040/1234567;univention
Random;User;Name17;cn=users,dc=daniel-applying-as-presales-engineer,dc=intranet;040/1234567;univention
Random;User;Name18;cn=users,dc=daniel-applying-as-presales-engineer,dc=intranet;040/1234567;univention
Random;User;Name19;cn=users,dc=daniel-applying-as-presales-engineer,dc=intranet;040/1234567;univention
Random;User;Name20;cn=users,dc=daniel-applying-as-presales-engineer,dc=intranet;040/1234567;univention
Random;User;Name21;cn=users,dc=daniel-applying-as-presales-engineer,dc=intranet;040/1234567;univention
Random;User;Name22;cn=users,dc=daniel-applying-as-presales-engineer,dc=intranet;040/1234567;univention
Random;User;Name23;cn=users,dc=daniel-applying-as-presales-engineer,dc=intranet;040/1234567;univention
Random;User;Name24;cn=users,dc=daniel-applying-as-presales-engineer,dc=intranet;040/1234567;univention
Random;User;Name25;cn=users,dc=daniel-applying-as-presales-engineer,dc=intranet;040/1234567;univention
Random;User;Name26;cn=users,dc=daniel-applying-as-presales-engineer,dc=intranet;040/1234567;univention
Random;User;Name27;cn=users,dc=daniel-applying-as-presales-engineer,dc=intranet;040/1234567;univention
Random;User;Name28;cn=users,dc=daniel-applying-as-presales-engineer,dc=intranet;040/1234567;univention
Random;User;Name29;cn=users,dc=daniel-applying-as-presales-engineer,dc=intranet;040/1234567;univention
Random;User;Name30;cn=users,dc=daniel-applying-as-presales-engineer,dc=intranet;040/1234567;univention
Random;User;Name31;cn=users,dc=daniel-applying-as-presales-engineer,dc=intranet;040/1234567;univention
Random;User;Name32;cn=users,dc=daniel-applying-as-presales-engineer,dc=intranet;040/1234567;univention
Random;User;Name33;cn=users,dc=daniel-applying-as-presales-engineer,dc=intranet;040/1234567;univention
Random;User;Name34;cn=users,dc=daniel-applying-as-presales-engineer,dc=intranet;040/1234567;univention
Random;User;Name35;cn=users,dc=daniel-applying-as-presales-engineer,dc=intranet;040/1234567;univention
Random;User;Name36;cn=users,dc=daniel-applying-as-presales-engineer,dc=intranet;040/1234567;univention
Random;User;Name37;cn=users,dc=daniel-applying-as-presales-engineer,dc=intranet;040/1234567;univention
Random;User;Name38;cn=users,dc=daniel-applying-as-presales-engineer,dc=intranet;040/1234567;univention
Random;User;Name39;cn=users,dc=daniel-applying-as-presales-engineer,dc=intranet;040/1234567;univention
Random;User;Name40;cn=users,dc=daniel-applying-as-presales-engineer,dc=intranet;040/1234567;univention
Random;User;Name41;cn=users,dc=daniel-applying-as-presales-engineer,dc=intranet;040/1234567;univention
Random;User;Name42;cn=users,dc=daniel-applying-as-presales-engineer,dc=intranet;040/1234567;univention
Random;User;Name43;cn=users,dc=daniel-applying-as-presales-engineer,dc=intranet;040/1234567;univention
Random;User;Name44;cn=users,dc=daniel-applying-as-presales-engineer,dc=intranet;040/1234567;univention
Random;User;Name45;cn=users,dc=daniel-applying-as-presales-engineer,dc=intranet;040/1234567;univention
Random;User;Name46;cn=users,dc=daniel-applying-as-presales-engineer,dc=intranet;040/1234567;univention
Random;User;Name47;cn=users,dc=daniel-applying-as-presales-engineer,dc=intranet;040/1234567;univention
Random;User;Name48;cn=users,dc=daniel-applying-as-presales-engineer,dc=intranet;040/1234567;univention
Random;User;Name49;cn=users,dc=daniel-applying-as-presales-engineer,dc=intranet;040/1234567;univention
Random;User;Name50;cn=users,dc=daniel-applying-as-presales-engineer,dc=intranet;040/1234567;univention
Random;User;Name51;cn=users,dc=daniel-applying-as-presales-engineer,dc=intranet;040/1234567;univention
Random;User;Name52;cn=users,dc=daniel-applying-as-presales-engineer,dc=intranet;040/1234567;univention
Random;User;Name53;cn=users,dc=daniel-applying-as-presales-engineer,dc=intranet;040/1234567;univention
Random;User;Name54;cn=users,dc=daniel-applying-as-presales-engineer,dc=intranet;040/1234567;univention
Random;User;Name55;cn=users,dc=daniel-applying-as-presales-engineer,dc=intranet;040/1234567;univention
Random;User;Name56;cn=users,dc=daniel-applying-as-presales-engineer,dc=intranet;040/1234567;univention
Random;User;Name57;cn=users,dc=daniel-applying-as-presales-engineer,dc=intranet;040/1234567;univention
Random;User;Name58;cn=users,dc=daniel-applying-as-presales-engineer,dc=intranet;040/1234567;univention
Random;User;Name59;cn=users,dc=daniel-applying-as-presales-engineer,dc=intranet;040/1234567;univention
Random;User;Name60;cn=users,dc=daniel-applying-as-presales-engineer,dc=intranet;040/1234567;univention
Random;User;Name61;cn=users,dc=daniel-applying-as-presales-engineer,dc=intranet;040/1234567;univention
Random;User;Name62;cn=users,dc=daniel-applying-as-presales-engineer,dc=intranet;040/1234567;univention
Random;User;Name63;cn=users,dc=daniel-applying-as-presales-engineer,dc=intranet;040/1234567;univention
Random;User;Name64;cn=users,dc=daniel-applying-as-presales-engineer,dc=intranet;040/1234567;univention
Random;User;Name65;cn=users,dc=daniel-applying-as-presales-engineer,dc=intranet;040/1234567;univention
Random;User;Name66;cn=users,dc=daniel-applying-as-presales-engineer,dc=intranet;040/1234567;univention
Random;User;Name67;cn=users,dc=daniel-applying-as-presales-engineer,dc=intranet;040/1234567;univention
Random;User;Name68;cn=users,dc=daniel-applying-as-presales-engineer,dc=intranet;040/1234567;univention
Random;User;Name69;cn=users,dc=daniel-applying-as-presales-engineer,dc=intranet;040/1234567;univention
Random;User;Name70;cn=users,dc=daniel-applying-as-presales-engineer,dc=intranet;040/1234567;univention
Random;User;Name71;cn=users,dc=daniel-applying-as-presales-engineer,dc=intranet;040/1234567;univention
Random;User;Name72;cn=users,dc=daniel-applying-as-presales-engineer,dc=intranet;040/1234567;univention
Random;User;Name73;cn=users,dc=daniel-applying-as-presales-engineer,dc=intranet;040/1234567;univention
Random;User;Name74;cn=users,dc=daniel-applying-as-presales-engineer,dc=intranet;040/1234567;univention
Random;User;Name75;cn=users,dc=daniel-applying-as-presales-engineer,dc=intranet;040/1234567;univention
Random;User;Name76;cn=users,dc=daniel-applying-as-presales-engineer,dc=intranet;040/1234567;univention
Random;User;Name77;cn=users,dc=daniel-applying-as-presales-engineer,dc=intranet;040/1234567;univention
Random;User;Name78;cn=users,dc=daniel-applying-as-presales-engineer,dc=intranet;040/1234567;univention
Random;User;Name79;cn=users,dc=daniel-applying-as-presales-engineer,dc=intranet;040/1234567;univention
Random;User;Name80;cn=users,dc=daniel-applying-as-presales-engineer,dc=intranet;040/1234567;univention
Random;User;Name81;cn=users,dc=daniel-applying-as-presales-engineer,dc=intranet;040/1234567;univention
Random;User;Name82;cn=users,dc=daniel-applying-as-presales-engineer,dc=intranet;040/1234567;univention
Random;User;Name83;cn=users,dc=daniel-applying-as-presales-engineer,dc=intranet;040/1234567;univention
Random;User;Name84;cn=users,dc=daniel-applying-as-presales-engineer,dc=intranet;040/1234567;univention
Random;User;Name85;cn=users,dc=daniel-applying-as-presales-engineer,dc=intranet;040/1234567;univention
Random;User;Name86;cn=users,dc=daniel-applying-as-presales-engineer,dc=intranet;040/1234567;univention
Random;User;Name87;cn=users,dc=daniel-applying-as-presales-engineer,dc=intranet;040/1234567;univention
Random;User;Name88;cn=users,dc=daniel-applying-as-presales-engineer,dc=intranet;040/1234567;univention
Random;User;Name89;cn=users,dc=daniel-applying-as-presales-engineer,dc=intranet;040/1234567;univention
Random;User;Name90;cn=users,dc=daniel-applying-as-presales-engineer,dc=intranet;040/1234567;univention
Random;User;Name91;cn=users,dc=daniel-applying-as-presales-engineer,dc=intranet;040/1234567;univention
Random;User;Name92;cn=users,dc=daniel-applying-as-presales-engineer,dc=intranet;040/1234567;univention
Random;User;Name93;cn=users,dc=daniel-applying-as-presales-engineer,dc=intranet;040/1234567;univention
Random;User;Name94;cn=users,dc=daniel-applying-as-presales-engineer,dc=intranet;040/1234567;univention
Random;User;Name95;cn=users,dc=daniel-applying-as-presales-engineer,dc=intranet;040/1234567;univention
Random;User;Name96;cn=users,dc=daniel-applying-as-presales-engineer,dc=intranet;040/1234567;univention
Random;User;Name97;cn=users,dc=daniel-applying-as-presales-engineer,dc=intranet;040/1234567;univention
Random;User;Name98;cn=users,dc=daniel-applying-as-presales-engineer,dc=intranet;040/1234567;univention
Random;User;Name99;cn=users,dc=daniel-applying-as-presales-engineer,dc=intranet;040/1234567;univention
Random;User;Name100;cn=users,dc=daniel-applying-as-presales-engineer,dc=intranet;040/1234567;univention
